{
  "false": {
    "0": {
      "bikes(t+15)": 0.2457238852,
      "bikes(t+30)": 0.3999694563,
      "bikes(t+60)": 0.5910201588
    },
    "1": {
      "bikes(t+15)": 0.2084605987,
      "bikes(t+30)": 0.3365913256,
      "bikes(t+60)": 0.5464263897
    },
    "2": {
      "bikes(t+15)": 0.9664019548,
      "bikes(t+30)": 1.3527794746,
      "bikes(t+60)": 2.054825901
    }
  },
  "true": {
    "0": {
      "bikes(t+15)": 0.2333536958,
      "bikes(t+30)": 0.4291386683,
      "bikes(t+60)": 0.6343921808
    },
    "1": {
      "bikes(t+15)": 0.1988393403,
      "bikes(t+30)": 0.3846976176,
      "bikes(t+60)": 0.5890348198
    },
    "2": {
      "bikes(t+15)": 0.9309712889,
      "bikes(t+30)": 1.3185705559,
      "bikes(t+60)": 1.9056200367
    }
  }
}